{
  "language": "Solidity",
  "sources": {
    "@chainlink/contracts/src/v0.8/AutomationBase.sol": {
      "content": "// SPDX-License-Identifier: MIT\npragma solidity ^0.8.0;\n\ncontract AutomationBase {\n  error OnlySimulatedBackend();\n\n  /**\n   * @notice method that allows it to be simulated via eth_call by checking that\n   * the sender is the zero address.\n   */\n  function preventExecution() internal view {\n    if (tx.origin != address(0)) {\n      revert OnlySimulatedBackend();\n    }\n  }\n\n  /**\n   * @notice modifier that allows it to be simulated via eth_call by checking\n   * that the sender is the zero address.\n   */\n  modifier cannotExecute() {\n    preventExecution();\n    _;\n  }\n}\n"
    },
    "@chainlink/contracts/src/v0.8/AutomationCompatible.sol": {
      "content": "// SPDX-License-Identifier: MIT\npragma solidity ^0.8.0;\n\nimport \"./AutomationBase.sol\";\nimport \"./interfaces/AutomationCompatibleInterface.sol\";\n\nabstract contract AutomationCompatible is AutomationBase, AutomationCompatibleInterface {}\n"
    },
    "@chainlink/contracts/src/v0.8/interfaces/AggregatorV3Interface.sol": {
      "content": "// SPDX-License-Identifier: MIT\npragma solidity ^0.8.0;\n\ninterface AggregatorV3Interface {\n  function decimals() external view returns (uint8);\n\n  function description() external view returns (string memory);\n\n  function version() external view returns (uint256);\n\n  function getRoundData(uint80 _roundId)\n    external\n    view\n    returns (\n      uint80 roundId,\n      int256 answer,\n      uint256 startedAt,\n      uint256 updatedAt,\n      uint80 answeredInRound\n    );\n\n  function latestRoundData()\n    external\n    view\n    returns (\n      uint80 roundId,\n      int256 answer,\n      uint256 startedAt,\n      uint256 updatedAt,\n      uint80 answeredInRound\n    );\n}\n"
    },
    "@chainlink/contracts/src/v0.8/interfaces/AutomationCompatibleInterface.sol": {
      "content": "// SPDX-License-Identifier: MIT\npragma solidity ^0.8.0;\n\ninterface AutomationCompatibleInterface {\n  /**\n   * @notice method that is simulated by the keepers to see if any work actually\n   * needs to be performed. This method does does not actually need to be\n   * executable, and since it is only ever simulated it can consume lots of gas.\n   * @dev To ensure that it is never called, you may want to add the\n   * cannotExecute modifier from KeeperBase to your implementation of this\n   * method.\n   * @param checkData specified in the upkeep registration so it is always the\n   * same for a registered upkeep. This can easily be broken down into specific\n   * arguments using `abi.decode`, so multiple upkeeps can be registered on the\n   * same contract and easily differentiated by the contract.\n   * @return upkeepNeeded boolean to indicate whether the keeper should call\n   * performUpkeep or not.\n   * @return performData bytes that the keeper should call performUpkeep with, if\n   * upkeep is needed. If you would like to encode data to decode later, try\n   * `abi.encode`.\n   */\n  function checkUpkeep(bytes calldata checkData) external returns (bool upkeepNeeded, bytes memory performData);\n\n  /**\n   * @notice method that is actually executed by the keepers, via the registry.\n   * The data returned by the checkUpkeep simulation will be passed into\n   * this method to actually be executed.\n   * @dev The input to this method should not be trusted, and the caller of the\n   * method should not even be restricted to any single registry. Anyone should\n   * be able call it, and the input should be validated, there is no guarantee\n   * that the data passed in is the performData returned from checkUpkeep. This\n   * could happen due to malicious keepers, racing keepers, or simply a state\n   * change while the performUpkeep transaction is waiting for confirmation.\n   * Always validate the data passed in.\n   * @param performData is the data which was passed back from the checkData\n   * simulation. If it is encoded, it can easily be decoded into other types by\n   * calling `abi.decode`. This data should not be trusted, and should be\n   * validated against the contract's current state.\n   */\n  function performUpkeep(bytes calldata performData) external;\n}\n"
    },
    "@chainlink/contracts/src/v0.8/interfaces/LinkTokenInterface.sol": {
      "content": "// SPDX-License-Identifier: MIT\npragma solidity ^0.8.0;\n\ninterface LinkTokenInterface {\n  function allowance(address owner, address spender) external view returns (uint256 remaining);\n\n  function approve(address spender, uint256 value) external returns (bool success);\n\n  function balanceOf(address owner) external view returns (uint256 balance);\n\n  function decimals() external view returns (uint8 decimalPlaces);\n\n  function decreaseApproval(address spender, uint256 addedValue) external returns (bool success);\n\n  function increaseApproval(address spender, uint256 subtractedValue) external;\n\n  function name() external view returns (string memory tokenName);\n\n  function symbol() external view returns (string memory tokenSymbol);\n\n  function totalSupply() external view returns (uint256 totalTokensIssued);\n\n  function transfer(address to, uint256 value) external returns (bool success);\n\n  function transferAndCall(\n    address to,\n    uint256 value,\n    bytes calldata data\n  ) external returns (bool success);\n\n  function transferFrom(\n    address from,\n    address to,\n    uint256 value\n  ) external returns (bool success);\n}\n"
    },
    "@chainlink/contracts/src/v0.8/interfaces/VRFCoordinatorV2Interface.sol": {
      "content": "// SPDX-License-Identifier: MIT\npragma solidity ^0.8.0;\n\ninterface VRFCoordinatorV2Interface {\n  /**\n   * @notice Get configuration relevant for making requests\n   * @return minimumRequestConfirmations global min for request confirmations\n   * @return maxGasLimit global max for request gas limit\n   * @return s_provingKeyHashes list of registered key hashes\n   */\n  function getRequestConfig()\n    external\n    view\n    returns (\n      uint16,\n      uint32,\n      bytes32[] memory\n    );\n\n  /**\n   * @notice Request a set of random words.\n   * @param keyHash - Corresponds to a particular oracle job which uses\n   * that key for generating the VRF proof. Different keyHash's have different gas price\n   * ceilings, so you can select a specific one to bound your maximum per request cost.\n   * @param subId  - The ID of the VRF subscription. Must be funded\n   * with the minimum subscription balance required for the selected keyHash.\n   * @param minimumRequestConfirmations - How many blocks you'd like the\n   * oracle to wait before responding to the request. See SECURITY CONSIDERATIONS\n   * for why you may want to request more. The acceptable range is\n   * [minimumRequestBlockConfirmations, 200].\n   * @param callbackGasLimit - How much gas you'd like to receive in your\n   * fulfillRandomWords callback. Note that gasleft() inside fulfillRandomWords\n   * may be slightly less than this amount because of gas used calling the function\n   * (argument decoding etc.), so you may need to request slightly more than you expect\n   * to have inside fulfillRandomWords. The acceptable range is\n   * [0, maxGasLimit]\n   * @param numWords - The number of uint256 random values you'd like to receive\n   * in your fulfillRandomWords callback. Note these numbers are expanded in a\n   * secure way by the VRFCoordinator from a single random value supplied by the oracle.\n   * @return requestId - A unique identifier of the request. Can be used to match\n   * a request to a response in fulfillRandomWords.\n   */\n  function requestRandomWords(\n    bytes32 keyHash,\n    uint64 subId,\n    uint16 minimumRequestConfirmations,\n    uint32 callbackGasLimit,\n    uint32 numWords\n  ) external returns (uint256 requestId);\n\n  /**\n   * @notice Create a VRF subscription.\n   * @return subId - A unique subscription id.\n   * @dev You can manage the consumer set dynamically with addConsumer/removeConsumer.\n   * @dev Note to fund the subscription, use transferAndCall. For example\n   * @dev  LINKTOKEN.transferAndCall(\n   * @dev    address(COORDINATOR),\n   * @dev    amount,\n   * @dev    abi.encode(subId));\n   */\n  function createSubscription() external returns (uint64 subId);\n\n  /**\n   * @notice Get a VRF subscription.\n   * @param subId - ID of the subscription\n   * @return balance - LINK balance of the subscription in juels.\n   * @return reqCount - number of requests for this subscription, determines fee tier.\n   * @return owner - owner of the subscription.\n   * @return consumers - list of consumer address which are able to use this subscription.\n   */\n  function getSubscription(uint64 subId)\n    external\n    view\n    returns (\n      uint96 balance,\n      uint64 reqCount,\n      address owner,\n      address[] memory consumers\n    );\n\n  /**\n   * @notice Request subscription owner transfer.\n   * @param subId - ID of the subscription\n   * @param newOwner - proposed new owner of the subscription\n   */\n  function requestSubscriptionOwnerTransfer(uint64 subId, address newOwner) external;\n\n  /**\n   * @notice Request subscription owner transfer.\n   * @param subId - ID of the subscription\n   * @dev will revert if original owner of subId has\n   * not requested that msg.sender become the new owner.\n   */\n  function acceptSubscriptionOwnerTransfer(uint64 subId) external;\n\n  /**\n   * @notice Add a consumer to a VRF subscription.\n   * @param subId - ID of the subscription\n   * @param consumer - New consumer which can use the subscription\n   */\n  function addConsumer(uint64 subId, address consumer) external;\n\n  /**\n   * @notice Remove a consumer from a VRF subscription.\n   * @param subId - ID of the subscription\n   * @param consumer - Consumer to remove from the subscription\n   */\n  function removeConsumer(uint64 subId, address consumer) external;\n\n  /**\n   * @notice Cancel a subscription\n   * @param subId - ID of the subscription\n   * @param to - Where to send the remaining LINK to\n   */\n  function cancelSubscription(uint64 subId, address to) external;\n\n  /*\n   * @notice Check to see if there exists a request commitment consumers\n   * for all consumers and keyhashes for a given sub.\n   * @param subId - ID of the subscription\n   * @return true if there exists at least one unfulfilled request for the subscription, false\n   * otherwise.\n   */\n  function pendingRequestExists(uint64 subId) external view returns (bool);\n}\n"
    },
    "@chainlink/contracts/src/v0.8/mocks/VRFCoordinatorV2Mock.sol": {
      "content": "// SPDX-License-Identifier: MIT\n// A mock for testing code that relies on VRFCoordinatorV2.\npragma solidity ^0.8.4;\n\nimport \"../interfaces/LinkTokenInterface.sol\";\nimport \"../interfaces/VRFCoordinatorV2Interface.sol\";\nimport \"../VRFConsumerBaseV2.sol\";\n\ncontract VRFCoordinatorV2Mock is VRFCoordinatorV2Interface {\n  uint96 public immutable BASE_FEE;\n  uint96 public immutable GAS_PRICE_LINK;\n  uint16 public immutable MAX_CONSUMERS = 100;\n\n  error InvalidSubscription();\n  error InsufficientBalance();\n  error MustBeSubOwner(address owner);\n  error TooManyConsumers();\n  error InvalidConsumer();\n  error InvalidRandomWords();\n\n  event RandomWordsRequested(\n    bytes32 indexed keyHash,\n    uint256 requestId,\n    uint256 preSeed,\n    uint64 indexed subId,\n    uint16 minimumRequestConfirmations,\n    uint32 callbackGasLimit,\n    uint32 numWords,\n    address indexed sender\n  );\n  event RandomWordsFulfilled(uint256 indexed requestId, uint256 outputSeed, uint96 payment, bool success);\n  event SubscriptionCreated(uint64 indexed subId, address owner);\n  event SubscriptionFunded(uint64 indexed subId, uint256 oldBalance, uint256 newBalance);\n  event SubscriptionCanceled(uint64 indexed subId, address to, uint256 amount);\n  event ConsumerAdded(uint64 indexed subId, address consumer);\n  event ConsumerRemoved(uint64 indexed subId, address consumer);\n\n  uint64 s_currentSubId;\n  uint256 s_nextRequestId = 1;\n  uint256 s_nextPreSeed = 100;\n  struct Subscription {\n    address owner;\n    uint96 balance;\n  }\n  mapping(uint64 => Subscription) s_subscriptions; /* subId */ /* subscription */\n  mapping(uint64 => address[]) s_consumers; /* subId */ /* consumers */\n\n  struct Request {\n    uint64 subId;\n    uint32 callbackGasLimit;\n    uint32 numWords;\n  }\n  mapping(uint256 => Request) s_requests; /* requestId */ /* request */\n\n  constructor(uint96 _baseFee, uint96 _gasPriceLink) {\n    BASE_FEE = _baseFee;\n    GAS_PRICE_LINK = _gasPriceLink;\n  }\n\n  function consumerIsAdded(uint64 _subId, address _consumer) public view returns (bool) {\n    address[] memory consumers = s_consumers[_subId];\n    for (uint256 i = 0; i < consumers.length; i++) {\n      if (consumers[i] == _consumer) {\n        return true;\n      }\n    }\n    return false;\n  }\n\n  modifier onlyValidConsumer(uint64 _subId, address _consumer) {\n    if (!consumerIsAdded(_subId, _consumer)) {\n      revert InvalidConsumer();\n    }\n    _;\n  }\n\n  /**\n   * @notice fulfillRandomWords fulfills the given request, sending the random words to the supplied\n   * @notice consumer.\n   *\n   * @dev This mock uses a simplified formula for calculating payment amount and gas usage, and does\n   * @dev not account for all edge cases handled in the real VRF coordinator. When making requests\n   * @dev against the real coordinator a small amount of additional LINK is required.\n   *\n   * @param _requestId the request to fulfill\n   * @param _consumer the VRF randomness consumer to send the result to\n   */\n  function fulfillRandomWords(uint256 _requestId, address _consumer) external {\n    fulfillRandomWordsWithOverride(_requestId, _consumer, new uint256[](0));\n  }\n\n  /**\n   * @notice fulfillRandomWordsWithOverride allows the user to pass in their own random words.\n   *\n   * @param _requestId the request to fulfill\n   * @param _consumer the VRF randomness consumer to send the result to\n   * @param _words user-provided random words\n   */\n  function fulfillRandomWordsWithOverride(\n    uint256 _requestId,\n    address _consumer,\n    uint256[] memory _words\n  ) public {\n    uint256 startGas = gasleft();\n    if (s_requests[_requestId].subId == 0) {\n      revert(\"nonexistent request\");\n    }\n    Request memory req = s_requests[_requestId];\n\n    if (_words.length == 0) {\n      _words = new uint256[](req.numWords);\n      for (uint256 i = 0; i < req.numWords; i++) {\n        _words[i] = uint256(keccak256(abi.encode(_requestId, i)));\n      }\n    } else if (_words.length != req.numWords) {\n      revert InvalidRandomWords();\n    }\n\n    VRFConsumerBaseV2 v;\n    bytes memory callReq = abi.encodeWithSelector(v.rawFulfillRandomWords.selector, _requestId, _words);\n    (bool success, ) = _consumer.call{gas: req.callbackGasLimit}(callReq);\n\n    uint96 payment = uint96(BASE_FEE + ((startGas - gasleft()) * GAS_PRICE_LINK));\n    if (s_subscriptions[req.subId].balance < payment) {\n      revert InsufficientBalance();\n    }\n    s_subscriptions[req.subId].balance -= payment;\n    delete (s_requests[_requestId]);\n    emit RandomWordsFulfilled(_requestId, _requestId, payment, success);\n  }\n\n  /**\n   * @notice fundSubscription allows funding a subscription with an arbitrary amount for testing.\n   *\n   * @param _subId the subscription to fund\n   * @param _amount the amount to fund\n   */\n  function fundSubscription(uint64 _subId, uint96 _amount) public {\n    if (s_subscriptions[_subId].owner == address(0)) {\n      revert InvalidSubscription();\n    }\n    uint96 oldBalance = s_subscriptions[_subId].balance;\n    s_subscriptions[_subId].balance += _amount;\n    emit SubscriptionFunded(_subId, oldBalance, oldBalance + _amount);\n  }\n\n  function requestRandomWords(\n    bytes32 _keyHash,\n    uint64 _subId,\n    uint16 _minimumRequestConfirmations,\n    uint32 _callbackGasLimit,\n    uint32 _numWords\n  ) external override onlyValidConsumer(_subId, msg.sender) returns (uint256) {\n    if (s_subscriptions[_subId].owner == address(0)) {\n      revert InvalidSubscription();\n    }\n\n    uint256 requestId = s_nextRequestId++;\n    uint256 preSeed = s_nextPreSeed++;\n\n    s_requests[requestId] = Request({subId: _subId, callbackGasLimit: _callbackGasLimit, numWords: _numWords});\n\n    emit RandomWordsRequested(\n      _keyHash,\n      requestId,\n      preSeed,\n      _subId,\n      _minimumRequestConfirmations,\n      _callbackGasLimit,\n      _numWords,\n      msg.sender\n    );\n    return requestId;\n  }\n\n  function createSubscription() external override returns (uint64 _subId) {\n    s_currentSubId++;\n    s_subscriptions[s_currentSubId] = Subscription({owner: msg.sender, balance: 0});\n    emit SubscriptionCreated(s_currentSubId, msg.sender);\n    return s_currentSubId;\n  }\n\n  function getSubscription(uint64 _subId)\n    external\n    view\n    override\n    returns (\n      uint96 balance,\n      uint64 reqCount,\n      address owner,\n      address[] memory consumers\n    )\n  {\n    if (s_subscriptions[_subId].owner == address(0)) {\n      revert InvalidSubscription();\n    }\n    return (s_subscriptions[_subId].balance, 0, s_subscriptions[_subId].owner, s_consumers[_subId]);\n  }\n\n  function cancelSubscription(uint64 _subId, address _to) external override onlySubOwner(_subId) {\n    emit SubscriptionCanceled(_subId, _to, s_subscriptions[_subId].balance);\n    delete (s_subscriptions[_subId]);\n  }\n\n  modifier onlySubOwner(uint64 _subId) {\n    address owner = s_subscriptions[_subId].owner;\n    if (owner == address(0)) {\n      revert InvalidSubscription();\n    }\n    if (msg.sender != owner) {\n      revert MustBeSubOwner(owner);\n    }\n    _;\n  }\n\n  function getRequestConfig()\n    external\n    pure\n    override\n    returns (\n      uint16,\n      uint32,\n      bytes32[] memory\n    )\n  {\n    return (3, 2000000, new bytes32[](0));\n  }\n\n  function addConsumer(uint64 _subId, address _consumer) external override onlySubOwner(_subId) {\n    if (s_consumers[_subId].length == MAX_CONSUMERS) {\n      revert TooManyConsumers();\n    }\n\n    if (consumerIsAdded(_subId, _consumer)) {\n      return;\n    }\n\n    s_consumers[_subId].push(_consumer);\n    emit ConsumerAdded(_subId, _consumer);\n  }\n\n  function removeConsumer(uint64 _subId, address _consumer)\n    external\n    override\n    onlySubOwner(_subId)\n    onlyValidConsumer(_subId, _consumer)\n  {\n    address[] storage consumers = s_consumers[_subId];\n    for (uint256 i = 0; i < consumers.length; i++) {\n      if (consumers[i] == _consumer) {\n        address last = consumers[consumers.length - 1];\n        consumers[i] = last;\n        consumers.pop();\n        break;\n      }\n    }\n\n    emit ConsumerRemoved(_subId, _consumer);\n  }\n\n  function getConfig()\n    external\n    view\n    returns (\n      uint16 minimumRequestConfirmations,\n      uint32 maxGasLimit,\n      uint32 stalenessSeconds,\n      uint32 gasAfterPaymentCalculation\n    )\n  {\n    return (4, 2_500_000, 2_700, 33285);\n  }\n\n  function getFeeConfig()\n    external\n    view\n    returns (\n      uint32 fulfillmentFlatFeeLinkPPMTier1,\n      uint32 fulfillmentFlatFeeLinkPPMTier2,\n      uint32 fulfillmentFlatFeeLinkPPMTier3,\n      uint32 fulfillmentFlatFeeLinkPPMTier4,\n      uint32 fulfillmentFlatFeeLinkPPMTier5,\n      uint24 reqsForTier2,\n      uint24 reqsForTier3,\n      uint24 reqsForTier4,\n      uint24 reqsForTier5\n    )\n  {\n    return (\n      100000, // 0.1 LINK\n      100000, // 0.1 LINK\n      100000, // 0.1 LINK\n      100000, // 0.1 LINK\n      100000, // 0.1 LINK\n      0,\n      0,\n      0,\n      0\n    );\n  }\n\n  function getFallbackWeiPerUnitLink() external view returns (int256) {\n    return 4000000000000000; // 0.004 Ether\n  }\n\n  function requestSubscriptionOwnerTransfer(uint64 _subId, address _newOwner) external pure override {\n    revert(\"not implemented\");\n  }\n\n  function acceptSubscriptionOwnerTransfer(uint64 _subId) external pure override {\n    revert(\"not implemented\");\n  }\n\n  function pendingRequestExists(uint64 subId) public view override returns (bool) {\n    revert(\"not implemented\");\n  }\n}\n"
    },
    "@chainlink/contracts/src/v0.8/VRFConsumerBaseV2.sol": {
      "content": "// SPDX-License-Identifier: MIT\npragma solidity ^0.8.4;\n\n/** ****************************************************************************\n * @notice Interface for contracts using VRF randomness\n * *****************************************************************************\n * @dev PURPOSE\n *\n * @dev Reggie the Random Oracle (not his real job) wants to provide randomness\n * @dev to Vera the verifier in such a way that Vera can be sure he's not\n * @dev making his output up to suit himself. Reggie provides Vera a public key\n * @dev to which he knows the secret key. Each time Vera provides a seed to\n * @dev Reggie, he gives back a value which is computed completely\n * @dev deterministically from the seed and the secret key.\n *\n * @dev Reggie provides a proof by which Vera can verify that the output was\n * @dev correctly computed once Reggie tells it to her, but without that proof,\n * @dev the output is indistinguishable to her from a uniform random sample\n * @dev from the output space.\n *\n * @dev The purpose of this contract is to make it easy for unrelated contracts\n * @dev to talk to Vera the verifier about the work Reggie is doing, to provide\n * @dev simple access to a verifiable source of randomness. It ensures 2 things:\n * @dev 1. The fulfillment came from the VRFCoordinator\n * @dev 2. The consumer contract implements fulfillRandomWords.\n * *****************************************************************************\n * @dev USAGE\n *\n * @dev Calling contracts must inherit from VRFConsumerBase, and can\n * @dev initialize VRFConsumerBase's attributes in their constructor as\n * @dev shown:\n *\n * @dev   contract VRFConsumer {\n * @dev     constructor(<other arguments>, address _vrfCoordinator, address _link)\n * @dev       VRFConsumerBase(_vrfCoordinator) public {\n * @dev         <initialization with other arguments goes here>\n * @dev       }\n * @dev   }\n *\n * @dev The oracle will have given you an ID for the VRF keypair they have\n * @dev committed to (let's call it keyHash). Create subscription, fund it\n * @dev and your consumer contract as a consumer of it (see VRFCoordinatorInterface\n * @dev subscription management functions).\n * @dev Call requestRandomWords(keyHash, subId, minimumRequestConfirmations,\n * @dev callbackGasLimit, numWords),\n * @dev see (VRFCoordinatorInterface for a description of the arguments).\n *\n * @dev Once the VRFCoordinator has received and validated the oracle's response\n * @dev to your request, it will call your contract's fulfillRandomWords method.\n *\n * @dev The randomness argument to fulfillRandomWords is a set of random words\n * @dev generated from your requestId and the blockHash of the request.\n *\n * @dev If your contract could have concurrent requests open, you can use the\n * @dev requestId returned from requestRandomWords to track which response is associated\n * @dev with which randomness request.\n * @dev See \"SECURITY CONSIDERATIONS\" for principles to keep in mind,\n * @dev if your contract could have multiple requests in flight simultaneously.\n *\n * @dev Colliding `requestId`s are cryptographically impossible as long as seeds\n * @dev differ.\n *\n * *****************************************************************************\n * @dev SECURITY CONSIDERATIONS\n *\n * @dev A method with the ability to call your fulfillRandomness method directly\n * @dev could spoof a VRF response with any random value, so it's critical that\n * @dev it cannot be directly called by anything other than this base contract\n * @dev (specifically, by the VRFConsumerBase.rawFulfillRandomness method).\n *\n * @dev For your users to trust that your contract's random behavior is free\n * @dev from malicious interference, it's best if you can write it so that all\n * @dev behaviors implied by a VRF response are executed *during* your\n * @dev fulfillRandomness method. If your contract must store the response (or\n * @dev anything derived from it) and use it later, you must ensure that any\n * @dev user-significant behavior which depends on that stored value cannot be\n * @dev manipulated by a subsequent VRF request.\n *\n * @dev Similarly, both miners and the VRF oracle itself have some influence\n * @dev over the order in which VRF responses appear on the blockchain, so if\n * @dev your contract could have multiple VRF requests in flight simultaneously,\n * @dev you must ensure that the order in which the VRF responses arrive cannot\n * @dev be used to manipulate your contract's user-significant behavior.\n *\n * @dev Since the block hash of the block which contains the requestRandomness\n * @dev call is mixed into the input to the VRF *last*, a sufficiently powerful\n * @dev miner could, in principle, fork the blockchain to evict the block\n * @dev containing the request, forcing the request to be included in a\n * @dev different block with a different hash, and therefore a different input\n * @dev to the VRF. However, such an attack would incur a substantial economic\n * @dev cost. This cost scales with the number of blocks the VRF oracle waits\n * @dev until it calls responds to a request. It is for this reason that\n * @dev that you can signal to an oracle you'd like them to wait longer before\n * @dev responding to the request (however this is not enforced in the contract\n * @dev and so remains effective only in the case of unmodified oracle software).\n */\nabstract contract VRFConsumerBaseV2 {\n  error OnlyCoordinatorCanFulfill(address have, address want);\n  address private immutable vrfCoordinator;\n\n  /**\n   * @param _vrfCoordinator address of VRFCoordinator contract\n   */\n  constructor(address _vrfCoordinator) {\n    vrfCoordinator = _vrfCoordinator;\n  }\n\n  /**\n   * @notice fulfillRandomness handles the VRF response. Your contract must\n   * @notice implement it. See \"SECURITY CONSIDERATIONS\" above for important\n   * @notice principles to keep in mind when implementing your fulfillRandomness\n   * @notice method.\n   *\n   * @dev VRFConsumerBaseV2 expects its subcontracts to have a method with this\n   * @dev signature, and will call it once it has verified the proof\n   * @dev associated with the randomness. (It is triggered via a call to\n   * @dev rawFulfillRandomness, below.)\n   *\n   * @param requestId The Id initially returned by requestRandomness\n   * @param randomWords the VRF output expanded to the requested number of words\n   */\n  function fulfillRandomWords(uint256 requestId, uint256[] memory randomWords) internal virtual;\n\n  // rawFulfillRandomness is called by VRFCoordinator when it receives a valid VRF\n  // proof. rawFulfillRandomness then calls fulfillRandomness, after validating\n  // the origin of the call\n  function rawFulfillRandomWords(uint256 requestId, uint256[] memory randomWords) external {\n    if (msg.sender != vrfCoordinator) {\n      revert OnlyCoordinatorCanFulfill(msg.sender, vrfCoordinator);\n    }\n    fulfillRandomWords(requestId, randomWords);\n  }\n}\n"
    },
    "contracts/OnlineSafetyGame.sol": {
      "content": "// SPDX-License-Identifier: MIT\r\npragma solidity ^0.8.8;\r\n\r\n// imports to help with true randomness and automate contract\r\nimport \"@chainlink/contracts/src/v0.8/interfaces/VRFCoordinatorV2Interface.sol\";\r\nimport \"@chainlink/contracts/src/v0.8/VRFConsumerBaseV2.sol\";\r\nimport \"@chainlink/contracts/src/v0.8/AutomationCompatible.sol\";\r\n// imports helps get the requestion eth conversion rate\r\nimport \"./PriceConverter.sol\";\r\n\r\n// Custom error for ownership validation\r\nerror OnlyOwnerCanMakeCall();\r\n\r\n/* Errors */\r\nerror Game__SendMoreToEnterGame(uint256 requiredAmount, uint256 actualAmount);\r\nerror Game__TransferFailed();\r\nerror Game__NotOpen();\r\nerror Game__GameIsOver();\r\nerror Game__GameHasBeenPlayed7x();\r\nerror Game__UpkeepNotNeeded(\r\n    uint256 currentBalance,\r\n    uint256 s_players,\r\n    uint256 gameState\r\n);\r\n\r\n// Custom error when transferring the nth place, lucky winners', owner's prize fails\r\nerror Game__nthPlaceTransferFailed();\r\nerror Game__LuckyPlayersTransferFailed();\r\nerror Game__OwnerTransferFailed();\r\n\r\n/**\r\n * @title Online Safety Game Contract\r\n * @author Adebayo Omolumo\r\n * @notice Using what I have learn't from Patrick to create Online Safety Quizzy Game\r\n * @dev This implements AggregatorV3Interface, chainlink VRF V2 and chainlink Automations\r\n */\r\n\r\ncontract OnlineSafetyGame is VRFConsumerBaseV2, AutomationCompatible {\r\n    // Using PriceConverter library for conversion \r\n    using PriceConverter for uint256;\r\n    \r\n    enum GameState {\r\n        OPEN,\r\n        CALCULATING\r\n    }\r\n\r\n    // on the event players send funds to contract address by accident\r\n    event _fund(address indexed funder, uint256 amount);\r\n    event _withdraw(uint256 indexed blockTimeStamp, uint256 amount);\r\n\r\n    // important events during the game\r\n    event GameEnter(address indexed player);\r\n    event RequestGameWinner(uint256 indexed requestId);\r\n    event WinnersPayed(address indexed winner1, address indexed winner2, address indexed winner3);\r\n    event OwnerPayed(address indexed owner);\r\n    event LuckyWinnersPayed(address payable[] luckyPlayers);\r\n\r\n    struct Players_data {\r\n        address player;\r\n        uint256 score;\r\n        uint256 winnings;\r\n        uint256 hasPlayed;\r\n        bool isPlaying;\r\n    }\r\n\r\n    mapping(address => uint256) public addressToAmountFunded;\r\n    mapping(address => Players_data) public playersData;  \r\n\r\n\r\n    // Tracking accidental funders\r\n    address[] public funders;\r\n    \r\n    address public immutable i_owner; \r\n    uint256 public constant MINIMUM_USD = 50 * 10 ** 18; \r\n    \r\n    // entrance fee determined on contract initialization, players allowed and last question\r\n    uint256 private immutable i_entranceFee;\r\n    address payable[] private s_players;\r\n    uint32 private constant LAST_QUESTION = 10; \r\n\r\n\r\n    address payable[] private s_winners;\r\n    \r\n    // Player with the first, second and third highest score\r\n    Players_data private first;\r\n    Players_data private second;\r\n    Players_data private third;\r\n\r\n    // Variable to store the end time of the game\r\n    uint256 public gameEndTime;\r\n    \r\n\r\n    // i_vrfCoordinator.requestRandomWords() function and it's args\r\n    VRFCoordinatorV2Interface private immutable i_vrfCoordinator;\r\n    bytes32 private immutable i_gasLane;\r\n    uint64 private immutable i_subscriptionId;\r\n    uint16 private constant REQUEST_CONFIRMATIONS = 3;\r\n    uint32 private immutable i_callbackGasLimit;\r\n    uint32 private constant NUM_WORDS = 1; \r\n\r\n    // Game state\r\n    GameState private s_gameState;\r\n    uint public immutable i_interval;\r\n    uint public s_lastTimeStamp;\r\n\r\n    constructor(\r\n        address vrfCoordinatorV2,\r\n        uint64 subscriptionId,\r\n        bytes32 gasLane,\r\n        uint256 interval, \r\n        uint256 entranceFee,\r\n        uint32 callbackGasLimit\r\n    ) VRFConsumerBaseV2(vrfCoordinatorV2) {\r\n        i_vrfCoordinator = VRFCoordinatorV2Interface(vrfCoordinatorV2);\r\n        \r\n        // Chainlink VRF Coordinator args\r\n        i_gasLane = gasLane;\r\n        i_interval = interval;\r\n        i_subscriptionId = subscriptionId;\r\n        i_callbackGasLimit = callbackGasLimit;\r\n        i_entranceFee = entranceFee;\r\n        \r\n        // track the current game state\r\n        s_gameState = GameState.OPEN;\r\n        s_lastTimeStamp = block.timestamp;\r\n        \r\n        i_owner = msg.sender;\r\n    }\r\n\r\n    /**\r\n     * @notice Enter the game by paying a specified amount in USD\r\n     * @dev Requires the game to be open for entry. It initializes/reinitializes the player. I am not adding a way to block multiple plays yet because they could just use another account\r\n     */\r\n    function enterGame() external payable { /*Doesnt need public visibility */\r\n        if (msg.value.getConversionRate() < i_entranceFee) {\r\n            revert Game__SendMoreToEnterGame(i_entranceFee, msg.value.getConversionRate());\r\n        }\r\n\r\n        if (s_gameState != GameState.OPEN) {\r\n            revert Game__NotOpen();\r\n        }\r\n        \r\n        playersData[msg.sender] = Players_data(msg.sender, 0, 0, 0, true);\r\n\r\n        s_players.push(payable(msg.sender));\r\n        emit GameEnter(msg.sender);\r\n    }\r\n\r\n    /**\r\n     * @notice Updates the player's score based on the provided score and speed\r\n     * @dev Requires the player to be currently playing the game\r\n     * @param score The score achieved by the player\r\n     * @param speed The speed factor to be added to the score\r\n     */\r\n    function updatePlayerScore(uint256 score, uint256 speed) external {\r\n        if (!playersData[msg.sender].isPlaying) {\r\n            revert Game__GameIsOver();\r\n        }\r\n\r\n        uint256 calculatedScore = (score * 1000) + speed;\r\n        playersData[msg.sender].score =\r\n            playersData[msg.sender].score +\r\n            calculatedScore;\r\n        assignRanking(calculatedScore, msg.sender);\r\n    }\r\n\r\n    function gameOver() external {\r\n        playersData[msg.sender].isPlaying = false;\r\n    }\r\n\r\n    /**\r\n     * @notice Checks whether upkeep is needed for the game\r\n     * @dev Returns true if the game is open, enough time has passed, there are players, and there is balance available\r\n     * @return upkeepNeeded Boolean indicating whether upkeep is needed\r\n     */\r\n    function checkUpkeep(\r\n        bytes memory /* checkData */ \r\n    )\r\n        public\r\n        override\r\n        view\r\n        returns (\r\n            bool upkeepNeeded,\r\n            bytes memory /* performData */\r\n        )\r\n    {\r\n        \r\n        bool isOpen = (GameState.OPEN == s_gameState);\r\n        bool timePassed = (block.timestamp - s_lastTimeStamp) > i_interval;\r\n        bool hasPlayers = (s_players.length > 0);\r\n        bool hasBalance = (address(this).balance > 0);\r\n        \r\n        upkeepNeeded = (isOpen && timePassed && hasPlayers && hasBalance);\r\n\r\n        \r\n        return (upkeepNeeded, \"0x0\"); \r\n    }\r\n\r\n    /**\r\n     * @notice Performs the upkeep of the game by initiating the calculation of winners\r\n     * @dev Reverts if the upkeep is not needed\r\n     */\r\n    function performUpkeep(bytes calldata /* performData */) external override {\r\n        (bool upkeepNeeded, ) = checkUpkeep(\"\");\r\n        if (!upkeepNeeded) {\r\n            revert Game__UpkeepNotNeeded(\r\n                address(this).balance,\r\n                s_players.length,\r\n                uint256(s_gameState)\r\n            );\r\n        }\r\n        \r\n        s_gameState = GameState.CALCULATING;\r\n        \r\n        uint256 requestId = i_vrfCoordinator.requestRandomWords(\r\n            i_gasLane, \r\n            i_subscriptionId,\r\n            REQUEST_CONFIRMATIONS,\r\n            i_callbackGasLimit,\r\n            NUM_WORDS\r\n        );\r\n\r\n        emit RequestGameWinner(requestId);\r\n    }\r\n\r\n    /**\r\n     * @notice Fulfills the request for random words by updating game state and selecting winners\r\n     * @dev Resets the player list, updates the last timestamp, sets the game state to open,\r\n     *      adds the first, second, and third winners, and distributes the balance among winners\r\n     * @param randomWords An array of random words used for winner selection\r\n     */\r\n    function fulfillRandomWords(\r\n        uint256 /* requestId */, \r\n        uint256[] memory randomWords\r\n    ) internal override {\r\n        s_players = new address payable[](0);\r\n        s_lastTimeStamp = block.timestamp;\r\n        \r\n        s_gameState = GameState.OPEN;\r\n        s_winners.push(payable(first.player));\r\n        s_winners.push(payable(second.player));\r\n        s_winners.push(payable(third.player));\r\n\r\n        distributeBalance(s_winners, randomWords[0]);\r\n    }\r\n\r\n    /**\r\n     * @notice Distributes the balance among the winners and other players\r\n     * @dev Requires a minimum of 10 accounts, ensures sufficient balance, and distributes amounts to winners and other players\r\n     * @param accounts An array of payable addresses representing the winners and other players\r\n     * @param randomNumber A random number used for selecting lucky players\r\n     */\r\n    function distributeBalance(\r\n        address payable[] memory accounts,\r\n        uint randomNumber\r\n    ) internal {\r\n        require(accounts.length >= 10, \"Insufficient number of accounts\");\r\n\r\n        uint256 totalBalance = address(this).balance;\r\n\r\n        uint256 firstPlaceAmount = (totalBalance * 20) / 100;\r\n        uint256 secondPlaceAmount = (totalBalance * 14) / 100;\r\n        uint256 thirdPlaceAmount = (totalBalance * 8) / 100;\r\n        uint256 ownerAmount = (totalBalance * 30) / 100;\r\n        uint256 sharedAmount = totalBalance -\r\n            (firstPlaceAmount +\r\n                secondPlaceAmount +\r\n                thirdPlaceAmount +\r\n                ownerAmount);\r\n        uint256 sharedAmountPerAccount = sharedAmount / 7;\r\n\r\n        require(totalBalance > 0, \"No balance to distribute\");\r\n        require(\r\n            sharedAmountPerAccount > 0,\r\n            \"Insufficient balance for shared positions\"\r\n        );\r\n\r\n        /**\r\n         *\r\n         * @notice Create backup functions owner can call if any of this fails\r\n         */\r\n        (bool firstPay, ) = accounts[0].call{value: firstPlaceAmount}(\"\");\r\n        (bool secondPay, ) = accounts[1].call{value: secondPlaceAmount}(\"\");\r\n        (bool thirdPay, ) = accounts[2].call{value: thirdPlaceAmount}(\"\");\r\n        if (!(firstPay && secondPay && thirdPay)) {\r\n            revert Game__nthPlaceTransferFailed();\r\n        }\r\n\r\n        emit WinnersPayed(accounts[0], accounts[1], accounts[2]);\r\n\r\n        (bool ownerPay, ) = i_owner.call{value: ownerAmount}(\"\");\r\n        if (!ownerPay) {\r\n            revert Game__OwnerTransferFailed();\r\n        }\r\n        emit OwnerPayed(i_owner);\r\n\r\n        address payable[] memory luckyPlayers = selectRandomPlayers(randomNumber);\r\n\r\n        bool luckyPay;\r\n        for (uint256 i = 0; i < luckyPlayers.length; i++) {\r\n            (luckyPay, ) = luckyPlayers[i].call{value: sharedAmountPerAccount}(\r\n                \"\"\r\n            );\r\n            if (!luckyPay) {\r\n                revert Game__LuckyPlayersTransferFailed();\r\n            }\r\n        }\r\n        emit LuckyWinnersPayed(luckyPlayers);\r\n    }\r\n\r\n    /**\r\n     * @notice Selects random players from the player list\r\n     * @dev Requires a minimum of 7 players and selects 7 players using the provided random number\r\n     * @param randomNumber A random number used for player selection\r\n     * @return selectedPlayers An array of payable addresses representing the selected players\r\n     */\r\n    function selectRandomPlayers(\r\n        uint256 randomNumber\r\n    ) internal view returns (address payable[] memory) {\r\n        require(s_players.length >= 7, \"Insufficient number of players\");\r\n\r\n        address payable[] memory selectedPlayers = new address payable[](7);\r\n        bool[] memory playerSelected = new bool[](s_players.length);\r\n\r\n        uint256 selectedCount = 0;\r\n        uint256 currentIndex = randomNumber % s_players.length;\r\n\r\n        while (selectedCount < 7) {\r\n            if (!playerSelected[currentIndex]) {\r\n                selectedPlayers[selectedCount] = s_players[currentIndex];\r\n                playerSelected[currentIndex] = true;\r\n                selectedCount++;\r\n            }\r\n\r\n            currentIndex = (currentIndex + 1) % s_players.length;\r\n        }\r\n\r\n        return selectedPlayers;\r\n    }\r\n\r\n    /**\r\n     * @notice Assigns ranking to a player based on the provided score and address\r\n     * @dev Updates the first, second, and third winners based on the current player's score,\r\n     *      and checks if the game is over for the player\r\n     * @param score The score achieved by the player\r\n     * @param addr The address of the player\r\n     */\r\n    function assignRanking(uint256 score, address addr) internal {\r\n        \r\n        if (playersData[msg.sender].hasPlayed > 7) {\r\n            playersData[msg.sender].isPlaying = false;\r\n            revert Game__GameHasBeenPlayed7x();\r\n        }\r\n\r\n        Players_data memory currPlayer;\r\n\r\n        if (playersData[msg.sender].hasPlayed == 0) {\r\n            currPlayer = Players_data(addr, score, 0, 1, true);\r\n        } else {\r\n            currPlayer = playersData[msg.sender];\r\n            ++playersData[msg.sender].hasPlayed ;\r\n        }\r\n\r\n        if (currPlayer.score > first.score) {\r\n            third = second;\r\n            second = first;\r\n            first = currPlayer;\r\n        } else if (currPlayer.score > second.score) {\r\n            third = second;\r\n            second = currPlayer;\r\n        } else if (currPlayer.score > third.score) {\r\n            third = currPlayer;\r\n        }\r\n\r\n    }\r\n\r\n    /**\r\n     * @notice Accepts funds and adds the sender to the list of funders\r\n     * @dev Requires the sent value to meet a minimum conversion rate to USD\r\n     */\r\n    function fund() public payable {\r\n        \r\n        \r\n        require(\r\n            msg.value.getConversionRate() >= MINIMUM_USD,\r\n            \"You need to pay more ETH!\"\r\n        );\r\n        \r\n        \r\n        funders.push(msg.sender);\r\n        emit _fund(msg.sender, msg.value);\r\n\r\n        addressToAmountFunded[msg.sender] = msg.value;\r\n    }\r\n    \r\n    /**\r\n     * @notice This allows only the contract creator/owner to withdraw funds\r\n     */\r\n    function withdraw() public onlyOwner {\r\n        \r\n        for (uint256 i = 0; i < funders.length; i++) {\r\n            address funder = funders[i];\r\n            addressToAmountFunded[funder] = 0;\r\n        }\r\n\r\n        \r\n        funders = new address[](0);\r\n\r\n        \r\n\r\n        uint256 currentBal = address(this).balance;\r\n        \r\n        (bool callSuccess, ) = payable(msg.sender).call{\r\n            value: address(this).balance\r\n        }(\"\");\r\n        require(callSuccess, \"call function failed\");\r\n\r\n        emit _withdraw(block.timestamp, currentBal);\r\n    }\r\n\r\n    \r\n    modifier onlyOwner() {\r\n        if (msg.sender != i_owner) {\r\n            revert OnlyOwnerCanMakeCall();\r\n        }\r\n        _;\r\n    }\r\n\r\n    \r\n    function getAWinner(uint256 index) public view returns (address) {\r\n        return s_winners[index];\r\n    }\r\n\r\n\r\n    function getGameState() public view returns (GameState) {\r\n        return s_gameState;\r\n    }\r\n\r\n    function getRequestConfirmations() public pure returns (uint256) {\r\n        return REQUEST_CONFIRMATIONS;\r\n    }\r\n\r\n    function getPlayer(uint256 index) public view returns (address) {\r\n        return s_players[index];\r\n    }\r\n\r\n    function getLastTimeStamp() public view returns (uint256) {\r\n        return s_lastTimeStamp;\r\n    }\r\n\r\n    function getInterval() public view returns (uint256) {\r\n        return i_interval;\r\n    }\r\n\r\n    function getEntranceFee() public view returns (uint256) {\r\n        return i_entranceFee;\r\n    }\r\n\r\n    function getNumberOfPlayers() public view returns (uint256) {\r\n        return s_players.length;\r\n    }\r\n\r\n    receive() external payable {\r\n        fund();\r\n    }\r\n\r\n    fallback() external payable {\r\n        fund();\r\n    }\r\n}"
    },
    "contracts/PriceConverter.sol": {
      "content": "// SPDX-License-Identifier: MIT\r\n\r\npragma solidity ^0.8.8;\r\n\r\nimport \"@chainlink/contracts/src/v0.8/interfaces/AggregatorV3Interface.sol\";\r\n\r\nlibrary PriceConverter {\r\n\r\n    function getPrice() internal view returns (uint256) {\r\n        // the address is for ETH / USD 0x694AA1769357215DE4FAC081bf1f309aDC325306\r\n        // usd recieved is 1USD/1e8\r\n        // you can use the priceFeed.decimals() function to check\r\n        AggregatorV3Interface priceFeed = AggregatorV3Interface(0x694AA1769357215DE4FAC081bf1f309aDC325306); // sepolia >< ETH/USD\r\n        // AggregatorV3Interface priceFeed = AggregatorV3Interface(0xD4a33860578De61DBAbDc8BFdb98FD742fA7028e); // goerli >< ETH/USD\r\n\r\n        // we used int256 instead of uint256 because it may be -ve\r\n        ( , int256 answer, , ,) = priceFeed.latestRoundData(); \r\n\r\n        // to get our dollar (1e8) to match up with ether 1e18\r\n        return uint256(answer * 1e10);\r\n        \r\n    }\r\n\r\n    function getVersion() internal view returns (uint256) {\r\n        AggregatorV3Interface priceFeed = AggregatorV3Interface(0x694AA1769357215DE4FAC081bf1f309aDC325306);\r\n        return priceFeed.version();\r\n\r\n    }\r\n\r\n    function getConversionRate(uint256 ethAmount) internal view returns (uint256) {\r\n        uint256 ethPrice = getPrice();\r\n        uint256 ethAmtInUsd = (ethPrice * ethAmount) / 1e18;\r\n        return ethAmtInUsd;\r\n    }\r\n}"
    },
    "contracts/test/VRFCoordinatorV2Mock.sol": {
      "content": "// SPDX-License-Identifier: MIT\r\npragma solidity ^0.8.0;\r\n\r\nimport \"@chainlink/contracts/src/v0.8/mocks/VRFCoordinatorV2Mock.sol\";\r\n"
    }
  },
  "settings": {
    "optimizer": {
      "enabled": false,
      "runs": 200
    },
    "outputSelection": {
      "*": {
        "*": [
          "abi",
          "evm.bytecode",
          "evm.deployedBytecode",
          "evm.methodIdentifiers",
          "metadata",
          "devdoc",
          "userdoc",
          "storageLayout",
          "evm.gasEstimates"
        ],
        "": [
          "ast"
        ]
      }
    },
    "metadata": {
      "useLiteralContent": true
    }
  }
}