{
  "language": "Solidity",
  "sources": {
    "@chainlink/contracts/src/v0.8/AutomationBase.sol": {
      "content": "// SPDX-License-Identifier: MIT\npragma solidity ^0.8.0;\n\ncontract AutomationBase {\n  error OnlySimulatedBackend();\n\n  /**\n   * @notice method that allows it to be simulated via eth_call by checking that\n   * the sender is the zero address.\n   */\n  function preventExecution() internal view {\n    if (tx.origin != address(0)) {\n      revert OnlySimulatedBackend();\n    }\n  }\n\n  /**\n   * @notice modifier that allows it to be simulated via eth_call by checking\n   * that the sender is the zero address.\n   */\n  modifier cannotExecute() {\n    preventExecution();\n    _;\n  }\n}\n"
    },
    "@chainlink/contracts/src/v0.8/AutomationCompatible.sol": {
      "content": "// SPDX-License-Identifier: MIT\npragma solidity ^0.8.0;\n\nimport \"./AutomationBase.sol\";\nimport \"./interfaces/AutomationCompatibleInterface.sol\";\n\nabstract contract AutomationCompatible is AutomationBase, AutomationCompatibleInterface {}\n"
    },
    "@chainlink/contracts/src/v0.8/interfaces/AutomationCompatibleInterface.sol": {
      "content": "// SPDX-License-Identifier: MIT\npragma solidity ^0.8.0;\n\ninterface AutomationCompatibleInterface {\n  /**\n   * @notice method that is simulated by the keepers to see if any work actually\n   * needs to be performed. This method does does not actually need to be\n   * executable, and since it is only ever simulated it can consume lots of gas.\n   * @dev To ensure that it is never called, you may want to add the\n   * cannotExecute modifier from KeeperBase to your implementation of this\n   * method.\n   * @param checkData specified in the upkeep registration so it is always the\n   * same for a registered upkeep. This can easily be broken down into specific\n   * arguments using `abi.decode`, so multiple upkeeps can be registered on the\n   * same contract and easily differentiated by the contract.\n   * @return upkeepNeeded boolean to indicate whether the keeper should call\n   * performUpkeep or not.\n   * @return performData bytes that the keeper should call performUpkeep with, if\n   * upkeep is needed. If you would like to encode data to decode later, try\n   * `abi.encode`.\n   */\n  function checkUpkeep(bytes calldata checkData) external returns (bool upkeepNeeded, bytes memory performData);\n\n  /**\n   * @notice method that is actually executed by the keepers, via the registry.\n   * The data returned by the checkUpkeep simulation will be passed into\n   * this method to actually be executed.\n   * @dev The input to this method should not be trusted, and the caller of the\n   * method should not even be restricted to any single registry. Anyone should\n   * be able call it, and the input should be validated, there is no guarantee\n   * that the data passed in is the performData returned from checkUpkeep. This\n   * could happen due to malicious keepers, racing keepers, or simply a state\n   * change while the performUpkeep transaction is waiting for confirmation.\n   * Always validate the data passed in.\n   * @param performData is the data which was passed back from the checkData\n   * simulation. If it is encoded, it can easily be decoded into other types by\n   * calling `abi.decode`. This data should not be trusted, and should be\n   * validated against the contract's current state.\n   */\n  function performUpkeep(bytes calldata performData) external;\n}\n"
    },
    "@chainlink/contracts/src/v0.8/interfaces/VRFCoordinatorV2Interface.sol": {
      "content": "// SPDX-License-Identifier: MIT\npragma solidity ^0.8.0;\n\ninterface VRFCoordinatorV2Interface {\n  /**\n   * @notice Get configuration relevant for making requests\n   * @return minimumRequestConfirmations global min for request confirmations\n   * @return maxGasLimit global max for request gas limit\n   * @return s_provingKeyHashes list of registered key hashes\n   */\n  function getRequestConfig()\n    external\n    view\n    returns (\n      uint16,\n      uint32,\n      bytes32[] memory\n    );\n\n  /**\n   * @notice Request a set of random words.\n   * @param keyHash - Corresponds to a particular oracle job which uses\n   * that key for generating the VRF proof. Different keyHash's have different gas price\n   * ceilings, so you can select a specific one to bound your maximum per request cost.\n   * @param subId  - The ID of the VRF subscription. Must be funded\n   * with the minimum subscription balance required for the selected keyHash.\n   * @param minimumRequestConfirmations - How many blocks you'd like the\n   * oracle to wait before responding to the request. See SECURITY CONSIDERATIONS\n   * for why you may want to request more. The acceptable range is\n   * [minimumRequestBlockConfirmations, 200].\n   * @param callbackGasLimit - How much gas you'd like to receive in your\n   * fulfillRandomWords callback. Note that gasleft() inside fulfillRandomWords\n   * may be slightly less than this amount because of gas used calling the function\n   * (argument decoding etc.), so you may need to request slightly more than you expect\n   * to have inside fulfillRandomWords. The acceptable range is\n   * [0, maxGasLimit]\n   * @param numWords - The number of uint256 random values you'd like to receive\n   * in your fulfillRandomWords callback. Note these numbers are expanded in a\n   * secure way by the VRFCoordinator from a single random value supplied by the oracle.\n   * @return requestId - A unique identifier of the request. Can be used to match\n   * a request to a response in fulfillRandomWords.\n   */\n  function requestRandomWords(\n    bytes32 keyHash,\n    uint64 subId,\n    uint16 minimumRequestConfirmations,\n    uint32 callbackGasLimit,\n    uint32 numWords\n  ) external returns (uint256 requestId);\n\n  /**\n   * @notice Create a VRF subscription.\n   * @return subId - A unique subscription id.\n   * @dev You can manage the consumer set dynamically with addConsumer/removeConsumer.\n   * @dev Note to fund the subscription, use transferAndCall. For example\n   * @dev  LINKTOKEN.transferAndCall(\n   * @dev    address(COORDINATOR),\n   * @dev    amount,\n   * @dev    abi.encode(subId));\n   */\n  function createSubscription() external returns (uint64 subId);\n\n  /**\n   * @notice Get a VRF subscription.\n   * @param subId - ID of the subscription\n   * @return balance - LINK balance of the subscription in juels.\n   * @return reqCount - number of requests for this subscription, determines fee tier.\n   * @return owner - owner of the subscription.\n   * @return consumers - list of consumer address which are able to use this subscription.\n   */\n  function getSubscription(uint64 subId)\n    external\n    view\n    returns (\n      uint96 balance,\n      uint64 reqCount,\n      address owner,\n      address[] memory consumers\n    );\n\n  /**\n   * @notice Request subscription owner transfer.\n   * @param subId - ID of the subscription\n   * @param newOwner - proposed new owner of the subscription\n   */\n  function requestSubscriptionOwnerTransfer(uint64 subId, address newOwner) external;\n\n  /**\n   * @notice Request subscription owner transfer.\n   * @param subId - ID of the subscription\n   * @dev will revert if original owner of subId has\n   * not requested that msg.sender become the new owner.\n   */\n  function acceptSubscriptionOwnerTransfer(uint64 subId) external;\n\n  /**\n   * @notice Add a consumer to a VRF subscription.\n   * @param subId - ID of the subscription\n   * @param consumer - New consumer which can use the subscription\n   */\n  function addConsumer(uint64 subId, address consumer) external;\n\n  /**\n   * @notice Remove a consumer from a VRF subscription.\n   * @param subId - ID of the subscription\n   * @param consumer - Consumer to remove from the subscription\n   */\n  function removeConsumer(uint64 subId, address consumer) external;\n\n  /**\n   * @notice Cancel a subscription\n   * @param subId - ID of the subscription\n   * @param to - Where to send the remaining LINK to\n   */\n  function cancelSubscription(uint64 subId, address to) external;\n\n  /*\n   * @notice Check to see if there exists a request commitment consumers\n   * for all consumers and keyhashes for a given sub.\n   * @param subId - ID of the subscription\n   * @return true if there exists at least one unfulfilled request for the subscription, false\n   * otherwise.\n   */\n  function pendingRequestExists(uint64 subId) external view returns (bool);\n}\n"
    },
    "@chainlink/contracts/src/v0.8/VRFConsumerBaseV2.sol": {
      "content": "// SPDX-License-Identifier: MIT\npragma solidity ^0.8.4;\n\n/** ****************************************************************************\n * @notice Interface for contracts using VRF randomness\n * *****************************************************************************\n * @dev PURPOSE\n *\n * @dev Reggie the Random Oracle (not his real job) wants to provide randomness\n * @dev to Vera the verifier in such a way that Vera can be sure he's not\n * @dev making his output up to suit himself. Reggie provides Vera a public key\n * @dev to which he knows the secret key. Each time Vera provides a seed to\n * @dev Reggie, he gives back a value which is computed completely\n * @dev deterministically from the seed and the secret key.\n *\n * @dev Reggie provides a proof by which Vera can verify that the output was\n * @dev correctly computed once Reggie tells it to her, but without that proof,\n * @dev the output is indistinguishable to her from a uniform random sample\n * @dev from the output space.\n *\n * @dev The purpose of this contract is to make it easy for unrelated contracts\n * @dev to talk to Vera the verifier about the work Reggie is doing, to provide\n * @dev simple access to a verifiable source of randomness. It ensures 2 things:\n * @dev 1. The fulfillment came from the VRFCoordinator\n * @dev 2. The consumer contract implements fulfillRandomWords.\n * *****************************************************************************\n * @dev USAGE\n *\n * @dev Calling contracts must inherit from VRFConsumerBase, and can\n * @dev initialize VRFConsumerBase's attributes in their constructor as\n * @dev shown:\n *\n * @dev   contract VRFConsumer {\n * @dev     constructor(<other arguments>, address _vrfCoordinator, address _link)\n * @dev       VRFConsumerBase(_vrfCoordinator) public {\n * @dev         <initialization with other arguments goes here>\n * @dev       }\n * @dev   }\n *\n * @dev The oracle will have given you an ID for the VRF keypair they have\n * @dev committed to (let's call it keyHash). Create subscription, fund it\n * @dev and your consumer contract as a consumer of it (see VRFCoordinatorInterface\n * @dev subscription management functions).\n * @dev Call requestRandomWords(keyHash, subId, minimumRequestConfirmations,\n * @dev callbackGasLimit, numWords),\n * @dev see (VRFCoordinatorInterface for a description of the arguments).\n *\n * @dev Once the VRFCoordinator has received and validated the oracle's response\n * @dev to your request, it will call your contract's fulfillRandomWords method.\n *\n * @dev The randomness argument to fulfillRandomWords is a set of random words\n * @dev generated from your requestId and the blockHash of the request.\n *\n * @dev If your contract could have concurrent requests open, you can use the\n * @dev requestId returned from requestRandomWords to track which response is associated\n * @dev with which randomness request.\n * @dev See \"SECURITY CONSIDERATIONS\" for principles to keep in mind,\n * @dev if your contract could have multiple requests in flight simultaneously.\n *\n * @dev Colliding `requestId`s are cryptographically impossible as long as seeds\n * @dev differ.\n *\n * *****************************************************************************\n * @dev SECURITY CONSIDERATIONS\n *\n * @dev A method with the ability to call your fulfillRandomness method directly\n * @dev could spoof a VRF response with any random value, so it's critical that\n * @dev it cannot be directly called by anything other than this base contract\n * @dev (specifically, by the VRFConsumerBase.rawFulfillRandomness method).\n *\n * @dev For your users to trust that your contract's random behavior is free\n * @dev from malicious interference, it's best if you can write it so that all\n * @dev behaviors implied by a VRF response are executed *during* your\n * @dev fulfillRandomness method. If your contract must store the response (or\n * @dev anything derived from it) and use it later, you must ensure that any\n * @dev user-significant behavior which depends on that stored value cannot be\n * @dev manipulated by a subsequent VRF request.\n *\n * @dev Similarly, both miners and the VRF oracle itself have some influence\n * @dev over the order in which VRF responses appear on the blockchain, so if\n * @dev your contract could have multiple VRF requests in flight simultaneously,\n * @dev you must ensure that the order in which the VRF responses arrive cannot\n * @dev be used to manipulate your contract's user-significant behavior.\n *\n * @dev Since the block hash of the block which contains the requestRandomness\n * @dev call is mixed into the input to the VRF *last*, a sufficiently powerful\n * @dev miner could, in principle, fork the blockchain to evict the block\n * @dev containing the request, forcing the request to be included in a\n * @dev different block with a different hash, and therefore a different input\n * @dev to the VRF. However, such an attack would incur a substantial economic\n * @dev cost. This cost scales with the number of blocks the VRF oracle waits\n * @dev until it calls responds to a request. It is for this reason that\n * @dev that you can signal to an oracle you'd like them to wait longer before\n * @dev responding to the request (however this is not enforced in the contract\n * @dev and so remains effective only in the case of unmodified oracle software).\n */\nabstract contract VRFConsumerBaseV2 {\n  error OnlyCoordinatorCanFulfill(address have, address want);\n  address private immutable vrfCoordinator;\n\n  /**\n   * @param _vrfCoordinator address of VRFCoordinator contract\n   */\n  constructor(address _vrfCoordinator) {\n    vrfCoordinator = _vrfCoordinator;\n  }\n\n  /**\n   * @notice fulfillRandomness handles the VRF response. Your contract must\n   * @notice implement it. See \"SECURITY CONSIDERATIONS\" above for important\n   * @notice principles to keep in mind when implementing your fulfillRandomness\n   * @notice method.\n   *\n   * @dev VRFConsumerBaseV2 expects its subcontracts to have a method with this\n   * @dev signature, and will call it once it has verified the proof\n   * @dev associated with the randomness. (It is triggered via a call to\n   * @dev rawFulfillRandomness, below.)\n   *\n   * @param requestId The Id initially returned by requestRandomness\n   * @param randomWords the VRF output expanded to the requested number of words\n   */\n  function fulfillRandomWords(uint256 requestId, uint256[] memory randomWords) internal virtual;\n\n  // rawFulfillRandomness is called by VRFCoordinator when it receives a valid VRF\n  // proof. rawFulfillRandomness then calls fulfillRandomness, after validating\n  // the origin of the call\n  function rawFulfillRandomWords(uint256 requestId, uint256[] memory randomWords) external {\n    if (msg.sender != vrfCoordinator) {\n      revert OnlyCoordinatorCanFulfill(msg.sender, vrfCoordinator);\n    }\n    fulfillRandomWords(requestId, randomWords);\n  }\n}\n"
    },
    "contracts/OnlineSafetyGame.sol": {
      "content": "// SPDX-License-Identifier: MIT\r\npragma solidity ^0.8.8;\r\n\r\n// imports to help with true randomness and automate contract\r\nimport \"@chainlink/contracts/src/v0.8/interfaces/VRFCoordinatorV2Interface.sol\";\r\nimport \"@chainlink/contracts/src/v0.8/VRFConsumerBaseV2.sol\";\r\nimport \"@chainlink/contracts/src/v0.8/AutomationCompatible.sol\";\r\n// imports helps get the requestion eth conversion rate\r\n// import \"./PriceConverter.sol\";\r\n\r\n// Custom error for ownership validation\r\nerror OnlyOwnerCanMakeCall();\r\n\r\n/* Errors */\r\nerror Game__SendMoreToEnterGame(uint256 requiredAmount, uint256 actualAmount);\r\nerror Game__TransferFailed();\r\nerror Game__NotOpen();\r\nerror Game__GameIsOver();\r\nerror Game__GameHasBeenPlayed7x();\r\nerror Game__UpkeepNotNeeded(\r\n    uint256 currentBalance,\r\n    uint256 s_players,\r\n    uint256 gameState\r\n);\r\n\r\n// Custom error when transferring the nth place, lucky winners', owner's prize fails\r\nerror Game__nthPlaceTransferFailed();\r\nerror Game__LuckyPlayersTransferFailed();\r\nerror Game__OwnerTransferFailed();\r\n\r\n/**\r\n * @title Online Safety Game Contract\r\n * @author Adebayo Omolumo\r\n * @notice Using what I have learn't from Patrick to create Online Safety Quizzy Game\r\n * @dev This implements AggregatorV3Interface, chainlink VRF V2 and chainlink Automations\r\n */\r\n\r\ncontract OnlineSafetyGame is VRFConsumerBaseV2, AutomationCompatible {\r\n    // Using PriceConverter library for conversion\r\n    // using PriceConverter for uint256;\r\n\r\n    enum GameState {\r\n        OPEN,\r\n        CALCULATING\r\n    }\r\n\r\n    // on the event players send funds to contract address by accident\r\n    event _fund(address indexed funder, uint256 amount);\r\n    event _withdraw(uint256 indexed blockTimeStamp, uint256 amount);\r\n\r\n    // important events during the game\r\n    event GameEnter(address indexed player);\r\n    event RequestGameWinner(uint256 indexed requestId);\r\n    event WinnersPayed(\r\n        address indexed winner1,\r\n        address indexed winner2,\r\n        address indexed winner3\r\n    );\r\n    event OwnerPayed(address indexed owner);\r\n    event LuckyWinnersPayed(address payable luckyPlayer);\r\n\r\n    struct Players_data {\r\n        address player;\r\n        uint256 score;\r\n        uint256 winnings;\r\n        uint256 hasPlayed;\r\n        bool isPlaying;\r\n    }\r\n\r\n    mapping(address => uint256) public addressToAmountFunded;\r\n    mapping(address => Players_data) public playersData;\r\n\r\n    // Tracking accidental funders\r\n    address[] public funders;\r\n\r\n    address public immutable i_owner;\r\n    uint256 public constant MINIMUM_USD = 50 * 10 ** 14; // at least 1 dollar (this was used wth price converter, due to complications it will be used in version 2)\r\n    uint internal funding;\r\n    uint internal totalBalance;\r\n\r\n    // entrance fee determined on contract initialization, players allowed and last question\r\n    uint256 private immutable i_entranceFee;\r\n    address payable[] private s_players;\r\n    uint32 private constant LAST_QUESTION = 10;\r\n\r\n    address payable[] private s_winners;\r\n\r\n    // Player with the first, second and third highest score\r\n    Players_data public first;\r\n    Players_data public second;\r\n    Players_data public third;\r\n\r\n    // Debugging stores the block time for some callback function test, will remove in preoduction\r\n    uint256 public stat_gameEndTime;\r\n    uint256 public stat_checkUpkeepCalled;\r\n    uint256 public stat_performUpkeepCalled;\r\n    uint256 public stat_performUpkeepCalled2;\r\n    uint256 public stat_fulfillRandomWordsTime;\r\n    uint256 public stat_RandomNumber;\r\n\r\n    // i_vrfCoordinator.requestRandomWords() function and it's args\r\n    VRFCoordinatorV2Interface private immutable i_vrfCoordinator;\r\n    bytes32 private immutable i_gasLane;\r\n    uint64 private immutable i_subscriptionId;\r\n    uint16 private constant REQUEST_CONFIRMATIONS = 3;\r\n    uint32 private immutable i_callbackGasLimit;\r\n    uint32 private constant NUM_WORDS = 1;\r\n\r\n    // Game state\r\n    GameState private s_gameState;\r\n    uint public immutable i_interval;\r\n    uint public s_lastTimeStamp;\r\n    uint round;\r\n\r\n    constructor(\r\n        address vrfCoordinatorV2,\r\n        uint64 subscriptionId,\r\n        bytes32 gasLane,\r\n        uint256 interval,\r\n        uint256 entranceFee,\r\n        uint32 callbackGasLimit\r\n    ) VRFConsumerBaseV2(vrfCoordinatorV2) {\r\n        i_vrfCoordinator = VRFCoordinatorV2Interface(vrfCoordinatorV2);\r\n\r\n        // Chainlink VRF Coordinator args\r\n        i_gasLane = gasLane;\r\n        i_interval = interval;\r\n        i_subscriptionId = subscriptionId;\r\n        i_callbackGasLimit = callbackGasLimit;\r\n        i_entranceFee = entranceFee;\r\n\r\n        // track the current game state\r\n        s_gameState = GameState.OPEN;\r\n        s_lastTimeStamp = block.timestamp;\r\n\r\n        i_owner = msg.sender;\r\n    }\r\n\r\n    /**\r\n     * @notice Enter the game by paying a specified amount in USD\r\n     * @dev Requires the game to be open for entry. It initializes/reinitializes the player. I am not adding a way to block multiple plays yet because they could just use another account\r\n     */\r\n    function enterGame() external payable {\r\n        /*Doesnt need public visibility */\r\n        if (msg.value < i_entranceFee) {\r\n            revert Game__SendMoreToEnterGame(i_entranceFee, msg.value);\r\n        }\r\n\r\n        if (s_gameState != GameState.OPEN) {\r\n            revert Game__NotOpen();\r\n        }\r\n        funding = funding + msg.value;\r\n\r\n        uint hasPlayed = playersData[msg.sender].hasPlayed + 1;\r\n        uint winnings = playersData[msg.sender].winnings;\r\n        playersData[msg.sender] = Players_data(\r\n            msg.sender,\r\n            0,\r\n            winnings,\r\n            hasPlayed,\r\n            true\r\n        );\r\n\r\n        s_players.push(payable(msg.sender));\r\n        emit GameEnter(msg.sender);\r\n    }\r\n\r\n    /**\r\n     * @notice Updates the player's score based on the provided score and speed\r\n     * @dev Requires the player to be currently playing the game\r\n     * @param calculatedScore The score * speed achieved by the player\r\n     */\r\n    function updatePlayerScore(uint256 calculatedScore) external {\r\n        if (!playersData[msg.sender].isPlaying) {\r\n            revert Game__GameIsOver();\r\n        }\r\n\r\n        playersData[msg.sender].score =\r\n            playersData[msg.sender].score +\r\n            calculatedScore;\r\n        assignRanking(msg.sender);\r\n    }\r\n\r\n    /**\r\n     * @notice Assigns ranking to a player based on the provided score and address\r\n     * @dev Updates the first, second, and third winners based on the current player's score,\r\n     *      and checks if the game is over for the player\r\n     * @param addr The address of the player\r\n     */\r\n    function assignRanking(address addr) internal {\r\n        Players_data memory currPlayer;\r\n        currPlayer = playersData[addr];\r\n\r\n        if (currPlayer.score > first.score) {\r\n            third = second;\r\n            second = first;\r\n            first = currPlayer;\r\n        } else if (currPlayer.score > second.score) {\r\n            third = second;\r\n            second = currPlayer;\r\n        } else if (currPlayer.score > third.score) {\r\n            third = currPlayer;\r\n        }\r\n        playersData[addr].isPlaying = false;\r\n    }\r\n\r\n    function gameOver() external {\r\n        playersData[msg.sender].isPlaying = false;\r\n    }\r\n\r\n    /**\r\n     * @notice Checks whether upkeep is needed for the game\r\n     * @dev Returns true if the game is open, enough time has passed, there are players, and there is balance available\r\n     * @return upkeepNeeded Boolean indicating whether upkeep is needed\r\n     */\r\n    function checkUpkeep(\r\n        bytes memory /* checkData */\r\n    )\r\n        public\r\n        view\r\n        override\r\n        returns (bool upkeepNeeded, bytes memory /* performData */)\r\n    {\r\n        bool isOpen = (GameState.OPEN == s_gameState);\r\n        bool timePassed = (block.timestamp - s_lastTimeStamp) > i_interval;\r\n        bool hasPlayers = (s_players.length > 0);\r\n        bool hasBalance = (address(this).balance > 0);\r\n\r\n        upkeepNeeded = (isOpen && timePassed && hasPlayers && hasBalance);\r\n\r\n        return (upkeepNeeded, \"0x0\");\r\n    }\r\n\r\n    /**\r\n     * @notice Performs the upkeep of the game by initiating the calculation of winners\r\n     * @dev Reverts if the upkeep is not needed\r\n     */\r\n    function performUpkeep(bytes calldata /* performData */) external override {\r\n        stat_checkUpkeepCalled = block.timestamp;\r\n\r\n        (bool upkeepNeeded, ) = checkUpkeep(\"\");\r\n        if (!upkeepNeeded) {\r\n            revert Game__UpkeepNotNeeded(\r\n                address(this).balance,\r\n                s_players.length,\r\n                uint256(s_gameState)\r\n            );\r\n        }\r\n\r\n        stat_performUpkeepCalled = block.timestamp;\r\n\r\n        s_gameState = GameState.CALCULATING;\r\n\r\n        uint256 requestId = i_vrfCoordinator.requestRandomWords(\r\n            i_gasLane,\r\n            i_subscriptionId,\r\n            REQUEST_CONFIRMATIONS,\r\n            i_callbackGasLimit,\r\n            NUM_WORDS\r\n        );\r\n        stat_performUpkeepCalled2 = block.timestamp;\r\n\r\n        emit RequestGameWinner(requestId);\r\n    }\r\n\r\n    /**\r\n     * @notice Fulfills the request for random words by updating game state and selecting winners\r\n     * @dev Resets the player list, updates the last timestamp, sets the game state to open,\r\n     *      adds the first, second, and third winners, and distributes the balance among winners\r\n     * @param randomWords An array of random words used for winner selection\r\n     */\r\n    function fulfillRandomWords(\r\n        uint256 /* requestId */,\r\n        uint256[] memory randomWords\r\n    ) internal override {\r\n        stat_RandomNumber = randomWords[0];\r\n        stat_fulfillRandomWordsTime = block.timestamp;\r\n        uint256 luckyIndex = randomWords[0] % s_players.length;\r\n        address payable luckyWinner = s_players[luckyIndex];\r\n\r\n        s_winners = new address payable[](0);\r\n\r\n        s_winners.push(payable(first.player));\r\n        s_winners.push(payable(second.player));\r\n        s_winners.push(payable(third.player));\r\n        s_winners.push(payable(luckyWinner));\r\n\r\n        distributeBalance(s_winners);\r\n    }\r\n\r\n    /**\r\n     * @notice Distributes the balance among the winners and other players\r\n     * @dev Requires a minimum of 10 accounts, ensures sufficient balance, and distributes amounts to winners and other players\r\n     * @param accounts An array of payable addresses representing the winners and other players\r\n     */\r\n    function distributeBalance(address payable[] memory accounts) internal {\r\n        require(accounts.length >= 4, \"Insufficient number of accounts\");\r\n\r\n        // uint256 totalBalance = address(this).balance;\r\n        totalBalance = funding;\r\n\r\n        uint256 firstPlaceAmount = (totalBalance * 35) / 100;\r\n        uint256 secondPlaceAmount = (totalBalance * 20) / 100;\r\n        uint256 thirdPlaceAmount = (totalBalance * 10) / 100;\r\n        uint256 ownerAmount = (totalBalance * 5) / 100;\r\n        uint256 luckyAmount = (totalBalance * 7) / 100;\r\n\r\n        funding =\r\n            funding -\r\n            (luckyAmount +\r\n                ownerAmount +\r\n                thirdPlaceAmount +\r\n                secondPlaceAmount +\r\n                firstPlaceAmount);\r\n\r\n        /**\r\n         *\r\n         * @notice Create backup functions owner can call if any of this fails\r\n         */\r\n        (bool firstPay, ) = accounts[0].call{value: firstPlaceAmount}(\"\");\r\n        // playersData[accounts[0]].winnings = firstPlaceAmount;\r\n        playersData[accounts[0]] = Players_data(\r\n            msg.sender,\r\n            0,\r\n            firstPlaceAmount,\r\n            0,\r\n            false\r\n        );\r\n\r\n        (bool secondPay, ) = accounts[1].call{value: secondPlaceAmount}(\"\");\r\n        // playersData[accounts[1]].winnings = secondPlaceAmount;\r\n        playersData[accounts[1]] = Players_data(\r\n            msg.sender,\r\n            0,\r\n            secondPlaceAmount,\r\n            0,\r\n            false\r\n        );\r\n\r\n        (bool thirdPay, ) = accounts[2].call{value: thirdPlaceAmount}(\"\");\r\n        // playersData[accounts[2]].winnings = thirdPlaceAmount;\r\n        playersData[accounts[2]] = Players_data(\r\n            msg.sender,\r\n            0,\r\n            thirdPlaceAmount,\r\n            0,\r\n            false\r\n        );\r\n\r\n        if (!(firstPay && secondPay && thirdPay)) {\r\n            revert Game__nthPlaceTransferFailed();\r\n        }\r\n\r\n        emit WinnersPayed(accounts[0], accounts[1], accounts[2]);\r\n\r\n        (bool luckyPay, ) = accounts[3].call{value: luckyAmount}(\"\");\r\n        playersData[accounts[3]].winnings = luckyAmount;\r\n\r\n        if (!luckyPay) {\r\n            revert Game__LuckyPlayersTransferFailed();\r\n        }\r\n\r\n        emit LuckyWinnersPayed(accounts[3]);\r\n\r\n        (bool ownerPay, ) = i_owner.call{value: ownerAmount}(\"\");\r\n        if (!ownerPay) {\r\n            revert Game__OwnerTransferFailed();\r\n        }\r\n        emit OwnerPayed(i_owner);\r\n\r\n        stat_gameEndTime = block.timestamp;\r\n\r\n        s_players = new address payable[](0);\r\n        delete first;\r\n        delete second;\r\n        delete third;\r\n\r\n        round++;\r\n        s_lastTimeStamp = block.timestamp;\r\n        s_gameState = GameState.OPEN;\r\n    }\r\n\r\n    /**\r\n     * @notice Accepts funds and adds the sender to the list of funders\r\n     * @dev Requires the sent value to meet a minimum conversion rate to USD\r\n     */\r\n    function fund() public payable {\r\n        require(msg.value >= MINIMUM_USD, \"You need to pay more ETH!\");\r\n\r\n        funders.push(msg.sender);\r\n        emit _fund(msg.sender, msg.value);\r\n\r\n        addressToAmountFunded[msg.sender] = msg.value;\r\n    }\r\n\r\n    /**\r\n     * @notice This allows only the contract creator/owner to withdraw funds\r\n     */\r\n    function withdraw() public onlyOwner {\r\n        for (uint256 i = 0; i < funders.length; i++) {\r\n            address funder = funders[i];\r\n            addressToAmountFunded[funder] = 0;\r\n        }\r\n\r\n        funders = new address[](0);\r\n\r\n        uint256 currentBal = address(this).balance;\r\n\r\n        (bool callSuccess, ) = payable(msg.sender).call{\r\n            value: address(this).balance\r\n        }(\"\");\r\n        require(callSuccess, \"call function failed\");\r\n\r\n        emit _withdraw(block.timestamp, currentBal);\r\n    }\r\n\r\n    modifier onlyOwner() {\r\n        if (msg.sender != i_owner) {\r\n            revert OnlyOwnerCanMakeCall();\r\n        }\r\n        _;\r\n    }\r\n\r\n    /**\r\n     * @dev The function will allow us track the most recent previous winners\r\n     * @param index is the uint value for positions\r\n     * @return The 0: first, 1: second, 2: third, 3: lucky,\r\n     */\r\n\r\n    function getAPrevWinner(uint256 index) public view returns (address) {\r\n        return s_winners[index];\r\n    }\r\n\r\n    function getGameState() public view returns (GameState) {\r\n        return s_gameState;\r\n    }\r\n\r\n    function getRequestConfirmations() public pure returns (uint256) {\r\n        return REQUEST_CONFIRMATIONS;\r\n    }\r\n\r\n    function getPlayer(uint256 index) public view returns (address) {\r\n        return s_players[index];\r\n    }\r\n\r\n    function getLastTimeStamp() public view returns (uint256) {\r\n        return s_lastTimeStamp;\r\n    }\r\n\r\n    /**\r\n     *  @dev Retrieves the remaining time in seconds until the specified end time.\r\n     *  @return The remaining time in seconds as a signed integer.\r\n     *  This function allows tracking negative values, indicating that the end time has passed.\r\n     */\r\n\r\n    function getTimeLeft() public view returns (int) {\r\n        // using int on the chance the value is -ve\r\n        int currentTime = int(block.timestamp);\r\n        int endTime = int(s_lastTimeStamp + i_interval);\r\n        return endTime - currentTime;\r\n    }\r\n\r\n    function isGameOver() public view returns (bool) {\r\n        return getTimeLeft() < 1;\r\n    }\r\n\r\n    function getInterval() public view returns (uint256) {\r\n        return i_interval;\r\n    }\r\n\r\n    function getEntranceFee() public view returns (uint256) {\r\n        return i_entranceFee;\r\n    }\r\n\r\n    function getNumberOfPlayers() public view returns (uint256) {\r\n        return s_players.length;\r\n    }\r\n\r\n    function getRemainingBalance() public view onlyOwner returns (int) {\r\n        return int(totalBalance) - int(funding);\r\n    }\r\n\r\n    function getPlayersData()\r\n        external\r\n        view\r\n        returns (address, uint, uint, uint, bool)\r\n    {\r\n        return (\r\n            playersData[msg.sender].player,\r\n            playersData[msg.sender].score,\r\n            playersData[msg.sender].winnings,\r\n            playersData[msg.sender].hasPlayed,\r\n            playersData[msg.sender].isPlaying\r\n        );\r\n    }\r\n\r\n    function getFirst() external view returns (address, uint) {\r\n        return (first.player, first.score);\r\n    }\r\n\r\n    function getSecond() external view returns (address, uint) {\r\n        return (second.player, second.score);\r\n    }\r\n\r\n    function getThird() external view returns (address, uint) {\r\n        return (third.player, third.score);\r\n    }\r\n\r\n    function getRounds() external view returns (uint) {\r\n        return round;\r\n    }\r\n\r\n    receive() external payable {\r\n        fund();\r\n    }\r\n\r\n    fallback() external payable {\r\n        fund();\r\n    }\r\n}\r\n"
    }
  },
  "settings": {
    "optimizer": {
      "enabled": false,
      "runs": 200
    },
    "outputSelection": {
      "*": {
        "*": [
          "abi",
          "evm.bytecode",
          "evm.deployedBytecode",
          "evm.methodIdentifiers",
          "metadata",
          "devdoc",
          "userdoc",
          "storageLayout",
          "evm.gasEstimates"
        ],
        "": [
          "ast"
        ]
      }
    },
    "metadata": {
      "useLiteralContent": true
    }
  }
}